PDB_NAME,PROTEIN_NAME,IS_COMPLETE,CONFORMATION,MUTATIONS
4CFF-A,PRKAA2,yes,active,no_mutations
2HZI-A,ABL1,yes,active,no_mutations
3HMI-A,ABL2,yes,active,no_mutations
3MY0-N,ACVRL1,yes,active,no_mutations
3CQU-A,AKT1,yes,active,pT308
1O6L-A,AKT2,yes,active,pT309
3V5W-A,ADRBK1,yes,active,no_mutations
4C3P-A,AURKA,yes,active,no_mutations
3SOC-A,ACVR2A,yes,active,no_mutations
2QLU-A,ACVR2B,yes,active,no_mutations
4CXA-C,CDK12,yes,active,pT893
2JGZ-A,CDK2,yes,active,no_mutations
1LFR-A,CDK5,yes,active,no_mutations
1PF6-A,CDK9,yes,active,no_mutations
2E9N-A,CHEK1,yes,active,no_mutations
3NR9-B,CLK2,yes,active,no_mutations
3Q04-A,CSNK2A1,yes,active,no_mutations
3E3B-X,CSNK2A2,yes,active,no_mutations
3C0H-B,CASK,yes,active,no_mutations
4PF4-A,DAPK1,yes,active,no_mutations
2A2A-B,DAPK2,yes,active,no_mutations
1YRP-B,DAPK3,yes,active,pT265
4MQ1-A,DYRK1A,yes,active,pY321
2ITW-A,EGFR,yes,active,no_mutations
2ACX-A,GRK6,yes,active,no_mutations
4ACG-B,GSK3B,yes,active,no_mutations
2NRU-A,IRAK4,yes,active,pT345 & pS346
3E62-A,JAK2-JH2,yes,active,no_mutations
2GU8-A,PRKACA,yes,active,no_mutations
4HNF-B,CSNK1D,yes,active,no_mutations
4HOK-M,CSNK1E,yes,active,no_mutations
4G17-A,CSNK1G3,yes,active,no_mutations
2VZ6-B,CAMK2A,yes,active,no_mutations
2VN9-A,CAMK2D,yes,active,no_mutations
3IW4-A,PRKCA,yes,active,no_mutations
2I0E-A,PRKCB,yes,active,pT500
1XJD-A,PRKCQ,yes,active,pT538
4D9T-A,RPS6KA3,yes,active,no_mutations
4GFG-A,SYK,yes,active,no_mutations
2OF2-A,LCK,yes,active,no_mutations
4IDV-A,MAP3K14,yes,active,no_mutations
2G1T-A,ABL1,yes,inactive,no_mutations
3LCS-A,ALK,yes,inactive,no_mutations
2J4Z-A,AURKA,yes,inactive,no_mutations
3TV4-B,BRAF,yes,inactive,no_mutations
3OCS-A,BTK,yes,inactive,no_mutations
1PF8-A,CDK2,yes,inactive,no_mutations
1LFN-A,CDK3,yes,inactive,no_mutations
3O0G-A,CDK5,yes,inactive,D144N
1BLX-A,CDK6,yes,inactive,no_mutations
1LG3-A,CDK7,yes,inactive,no_mutations
2OGV-A,CSF1R,yes,inactive,no_mutations
3W32-A,EGFR,yes,inactive,no_mutations
4K9Y-A,PTK2,yes,inactive,no_mutations
4C57-B,GAK,yes,inactive,no_mutations
1QCF-A,HCK,yes,inactive,no_mutations
3O23-A,IGF1R,yes,inactive,no_mutations
3KMW-A,ILK,yes,inactive,no_mutations
4M15-A,ITK,yes,inactive,no_mutations
4FVQ-A,JAK2-JH1,yes,inactive,A659W & A777W & H794F
4FL2-A,SYK,yes,inactive,no_mutations
2PL0-A,LCK,yes,inactive,no_mutations
2HAK-F,MARK1,yes,inactive,no_mutations
3FE3-B,MARK3,yes,inactive,no_mutations
2WKM-A,MET,yes,inactive,no_mutations
3AQV-A,PRKAA2,6,inactive,T172D
3GVU-A,ABL2,7,inactive,no_mutations
4HZS-B,TNK2,13,inactive,no_mutations
4EJN-A,AKT1,18,inactive,no_mutations
1MRY-A,AKT2,25,inactive,no_mutations
4AF3-A,AURKB,16,inactive,no_mutations
3G33-A,CDK4,4,inactive,no_mutations
3RGF-A,CDK8,34,inactive,no_mutations
4BBM-A,CDKL2,2,inactive,T159D & Y161E
3ZOS-A,DDR1,11,inactive,no_mutations
3ZFY-A,EPHB3,14,inactive,no_mutations
3KEX-A,ERBB3,5,inactive,no_mutations
2R4B-A,ERBB4,6,inactive,no_mutations
3CC6-A,PTK2B,9,inactive,no_mutations
3TT0-A,FGFR1,4,inactive,C584S
1RJB-A,FLT3,27,inactive,no_mutations
1IRK-A,INSR,15,inactive,no_mutations
4L00-B,JAK1-JH1,13,inactive,no_mutations
4FGB-A,CAMK1,8,inactive,no_mutations
1T45-A,KIT, * ,inactive,no_mutations
2Y4I-B,KSR2,14,inactive,no_mutations
4OBO-A,MAP4K4,3,inactive,no_mutations
4ID7-A,TNK2,5,active,no_mutations
3Q4U-A,ACVR1,3,active,no_mutations
3G2F-A,BMPR2,9,active,C288CAS & C397CAS & C496CAS
3MDY-C,BMPR1B,7,active,no_mutations
3SXS-A,BMX,4,active,Q432K & Q611M & D617T & Q620E
4MNE-B,BRAF,4,active,no_mutations
1K2P-A,BTK,1,active,no_mutations
3E7E-A,BUB1,18,active,no_mutations
1XO2-B,CDK6,6,active,no_mutations
4F7S-A,CDK8,20,active,no_mutations
4AGU-C,CDKL1,12,active,T159D & Y161E
3DZU-A,CDKL3,12,active,T158D & Y160E
4BGQ-A,CDKL5,18,active,T169D & Y171E
2YIT-A,CHEK2,14,active,no_mutations
2VAG-A,CLK1,3,active,pS341 & pT342
3LCD-A,CSF1R,7,active,no_mutations
3D7U-C,CSK,6,active,no_mutations
3K2L-A,DYRK2,65,active,pY308 & pY308 & pS369 & pS385
2A1A,EIF2AK2,4,active,pT446
4P2W-B,EPHA2,17,active,pY772
3FXX-A,EPHA3,9,active,no_mutations
2R2P-A,EPHA5,2,active,no_mutations
3KUL-B,EPHA8,1,active,no_mutations
3ZFX-H,EPHB1,16,active,no_mutations
2CYW-A,EPHB4,18,active,Y774E
3PP0-B,ERBB2,2,active,no_mutations
3P23-C,ERN1,14,active,no_mutations
3BKB-A,FES,1,active,no_mutations
3KXX-A,FGFR1,2,active,no_mutations
4J96-B,FGFR2,4,active,C491A & K659M
4K33-A,FGFR3,10,active,C482A & C582S & K650E
2DQ7-X,FYN,3,active,no_mutations
4O38-B,GAK,43,active,M89MSE & M137MSE & M162MSE & M295MSE
2HK5-A,HCK,19,active,no_mutations
3F5P-C,IGF1R,3,active,no_mutations
4KIK-B,IKBKB,3,active,pS177 & pS181
1GAG-A,INSR,15,active,no_mutations
3V5L-C,ITK,18,active,no_mutations
4FK6-B,JAK1-JH2,5,active,pY1034 & pY1035
1YVJ-A,JAK3-JH2,8,active,no_mutations
2CMW-A,CSNK1G1,2,active,C110SCS
2C47-B,CSNK1G1,5,active,C111CSD
2JAM-A,CAMK1G,6,active,no_mutations
3BHH-B,CAMK2B,3,active,no_mutations
1R01-A,KIT,5,active,no_mutations
2ZV2-A,CAMKK2,33,active,no_mutations
3A8X-A,PRKCI,7,active,pT403
3TXO-A,PRKCH,9,active,no_mutations
2WNT-B,RPS6KA1,10,active,no_mutations
3KN5-B,RPS6KA5,26,active,no_mutations
3A60-A,RPS6KB1,24,active,no_mutations
3S95-A,LIMK1,20,active,no_mutations
3A4O-X,LYN,10,active,no_mutations
2CLQ-A,MAP3K5,8,active,no_mutations
2JBO-A,MAPKAPK2,8,active,no_mutations
3FHR-A,MAPKAPK3,44,active,no_mutations
3IEC-C,MARK2,2,active,no_mutations
4BL1-A,MELK,20,active,no_mutations
3BRB-B,MERTK,18,active,no_mutations
3R7O-A,MET,4,active,pT1234 & pT1235
2LAV-A,VRK1,yes,active,no_mutations
4GII-A,TYK2,yes,active,no_mutations
4NFM-A,TTBK1,yes,active,no_mutations
1RW8-A,TGFBR1,yes,active,no_mutations
4FRF-A,STK32A,yes,active,no_mutations
1Y57-A,SRC,yes,active,no_mutations
2J51-A,SLK,yes,active,no_mutations
3PLS-A,MST1R,yes,active,no_mutations
3TV7-B,ROCK1,yes,active,no_mutations
4OAU-C,RNASEL,yes,active,no_mutations
2RSV-A,VRK1,yes,inactive,no_mutations
4IW0-A,TBK1,yes,inactive,no_mutations
4K11-A,SRC,yes,inactive,no_mutations
3TWJ-B,ROCK1,yes,inactive,no_mutations
1U59-A,ZAP70,3,active,no_mutations
4PWN-A,WNK1,29,active,no_mutations
1XKB8-A,WEE1,20,active,no_mutations
2JII-B,VRK3,10,active,no_mutations
2V62-B,VRK2,6,active,no_mutations
3B8R-A,KDR,178,active,no_mutations
3CEK-A,TTK,24,active,no_mutations
1FVR-B,TEK,9,active,no_mutations
4EUT-A,TBK1,2,active,no_mutations
1EQF-A,TAF1,247,active,no_mutations
3GNI-B,STRADA,56,active,no_mutations
3COM-A,STK4,4,active,no_mutations
4LG4-E,STK3,16,active,no_mutations
SXIK-A,STK25,1,active,no_mutations
3HZP-D,STK24,6,active,no_mutations
2BUJ-A,STK16,4,active,no_mutations
2WTK-C,STK11,3,active,no_mutations
4BC6-A,STK10,8,active,no_mutations
1WAK-A,SRPK1,415,active,no_mutations
3ZBF-A,ROS1,15,active,no_mutations
4ITJ-A,RIPK1,26,active,no_mutations
2IVU-A,RET,27,active,no_mutations
3OMV-A,RAF1,12,active,no_mutations
4IJP-A,PRPF4B,6,active,no_mutations
4K2R-A,ZAP70,17,inactive,no_mutations
3CRO-A,WEE1,24,inactive,no_mutations
3VHK-A,KDR,58,inactive,no_mutations
4OLI-A,TYK2,14,inactive,no_mutations
2ZMD-A,TTK,27,inactive,no_mutations
4BTK-A,TTBK1,15,inactive,no_mutations
2X7F-B,TNIK,13,inactive,no_mutations
4JNW-A,TTN,alignment_failed,inactive,no_mutations
3UV4-A,TAF1,346,inactive,no_mutations
4LG4-C,STK3,2,inactive,no_mutations
3HZP-C,STK24,3,inactive,no_mutations
2J7T-A,STK10,8,inactive,no_mutations
3LM0-A,STK17B,9,inactive,no_mutations
3HDN-A,SGK1,13,inactive,no_mutations
4GT4-A,ROR2,14,inactive,no_mutations
4C8B-A,RIPK2,30,inactive,no_mutations
4ITI-A,RIPK1,15,inactive,no_mutations
4IIR-A,PRPF4B,13,inactive,no_mutations
